Source,Destination,Stop1,Stop2,Stop3,Stop4,Stop5,Stop6,Stop7
Thane,Panvel,THANE RAILWAY STATION (W),GANPATI PADA,ABHUDAYA BANK AIROLI,JAOLI BANK,TALAWALI NAKA,RAJIV GANDHI COLLEGE,TERNA COLLEGE
Thane,Vashi,MAHAGIRI KOLIWADA,SYNDICATE BANK,TALAWALI NAKA,VASHI STATION,,,
Turbhe,Panvel,TURBHE STORE - TURBHE RAILWAY STN.,TURBHE NAKA,DR DY PATIL COLLEGE,THANA NAKA,TERNA HOSPITAL,,
Ghansoli,Belapur,GHANSOLI RAILWAY STATION,MAHAPE NAKA,MAHAPE -LOKMAT,KHAIRANE GAON,TATA PRESS,BELAPUR STATION,
Vashi,Panvel,PAWANE GAON,TURBHE NAKA,URAN FATA,KAMOTHE GAON,,,
